Variable name,Variable description,Unit,Dim1,Dim2,Dim3,Dim4,Domain,History start,History end,Forecast start,Source/Comment,Summary,Detailed
PRSCX,Price levels (2010=100) from E3ME,index,RTI,NA,NA,TIME,FTT-P,-,-,2010,From E3ME results,Y,Y
PRSC15,Price levels in 2015 (2010=100),index,RTI,NA,NA,TIME,FTT-P,-,-,2001,-,Y,Y
RPOP,Population by age and gender,Thousands,RTI,NA,NA,TIME,General,1970,-,2001,-,,Y
PFRE,Price of electricity use [E3ME],euros/toe,RTI,FUTI,NA,TIME,General,-,2016,2010,From E3ME results,,Y
PFRC,Price of coal use [E3ME],euros/toe,RTI,FUTI,NA,TIME,General,-,2016,2010,From E3ME results,,Y
PFRO,Price of heavy oil use [E3ME],euros/toe,RTI,FUTI,NA,TIME,General,1970,2016,2010,From E3ME results,,Y
PFRM,Price of middle distillates [E3ME],euros/toe,RTI,FUTI,NA,TIME,General,-,2016,2010,From E3ME results,,Y
PFRB,Price of biofuel use (incl taxes) [E3ME],euros/toe,RTI,FUTI,NA,TIME,General,-,2016,2010,From E3ME results,,Y
PFRH,Endogenous energy price with tax [E3ME],euros/toe,RTI,FUTI,NA,TIME,General,1970,2016,2010,From E3ME results,,Y
PRSC13,Price levels in 2013 (2010=100),index,RTI,NA,NA,TIME,FTT-P,-,-,2001,-,,Y
MWMC,FTT:Power marginal costs,$2013/MWh,RTI,T2TI,NA,TIME,FTT-P,-,-,2001,-,,Y
MWLO,FTT:Power optimal/initial load factors,%,RTI,T2TI,NA,TIME,FTT-P,-,-,2001,-,,Y
MWKA,FTT:Power exogenous capacity levels (GW),GW,RTI,T2TI,NA,TIME,FTT-P,-,-,2010,-,,Y
MWIY,FTT:Power investment,meuros2010,RTI,T2TI,NA,TIME,FTT-P,-,-,2001,-,,Y
MWICX,Exogenous FTT:Power investment cost component,$2013/MWh,RTI,T2TI,NA,TIME,FTT-P,-,-,2010,-,,Y
MWIC,FTT:Power investment cost component,$2013/MWh,RTI,T2TI,NA,TIME,FTT-P,-,-,2001,-,,Y
MWG6,Generation load band 6,GWh,RTI,T2TI,NA,TIME,FTT-P,-,-,2001,-,,Y
MWG5,Generation load band 5,GWh,RTI,T2TI,NA,TIME,FTT-P,-,-,2001,-,,Y
MWG4,Generation load band 4,GWh,RTI,T2TI,NA,TIME,FTT-P,-,-,2001,-,,Y
MWG3,Generation load band 3,GWh,RTI,T2TI,NA,TIME,FTT-P,-,-,2001,-,,Y
MWG2,Generation load band 2,GWh,RTI,T2TI,NA,TIME,FTT-P,-,-,2001,-,Y,Y
MWG1,Generation load band 1,GWh,RTI,T2TI,NA,TIME,FTT-P,-,-,2001,-,,Y
MWFCX,Exogenous FTT:Power fuel cost component,$2013/MWh,RTI,T2TI,NA,TIME,FTT-P,-,-,2010,-,,Y
MWFC,FTT:Power fuel cost component,$2013/MWh,RTI,T2TI,NA,TIME,FTT-P,-,-,2001,-,,Y
MWDT,Matrix of tech top load band NETxNLB,na,NA,T2TI,LBTI,NA,FTT-P,-,-,2001,-,,Y
MWDD,Matrix of load band tech suitability NETxNLB,na,NA,T2TI,LBTI,NA,FTT-P,-,-,2001,-,,Y
MTCD,METC standard deviation,$2013/MWh,RTI,T2TI,NA,TIME,FTT-P,-,-,2001,-,,Y
MSSR,FTT:Power short-term storage raw costs (2013$/GWh),2013$/GWh,RTI,NA,NA,TIME,FTT-P,,,2001,,,Y
MSSPX,Exogenous MSSP (from E3ME run),$2013/GWh,RTI,T2TI,NA,TIME,FTT-P,-,-,2010,From E3ME results,,Y
MSSP,FTT:Power short-term storage costs (2013$/GWh) ,$2013/GWh,RTI,T2TI,NA,TIME,FTT-P,-,-,2001,-,,Y
MSSMX,Exogenous MSSM (from E3ME run),$2013/GWh,RTI,T2TI,NA,TIME,FTT-P,-,-,2010,From E3ME results,,Y
MSSM,FTT:Power short-term storage marginal costs (2013$/GWh),$2013/GWh,RTI,T2TI,NA,TIME,FTT-P,-,-,2001,-,,Y
MSSI,FTT:Power short-term storage investment (2010 mEuro),meuros2010,RTI,T2TI,NA,TIME,FTT-P,-,-,2001,-,,Y
MSSG,FTT:Power short-term storage additional electricity demand (GWh/y),GWh,RTI,NA,NA,TIME,FTT-P,-,-,2001,-,,Y
MSSF,FTT:Power short-term storage load factor (-),%,RTI,NA,NA,TIME,FTT-P,-,-,2001,-,,Y
MSSE,Short-term storage round-trop efficiency,%,RTI,NA,NA,TIME,FTT-P,,,2011,,,Y
MSSC2020,FTT:Power short-term storage capacity (GW) in 2020,GW,RTI,NA,NA,TIME,FTT-P,-,-,2001,-,,Y
MSSC,FTT:Power short-term storage capacity (GW),GW,RTI,NA,NA,TIME,FTT-P,-,-,2001,-,,Y
MSRV,FTT:Power survival function (Created inside code),%,RTI,T2TI,TYTI,NA,FTT-P,-,-,2001,-,,Y
MSLB,FTT:Power shares of capacity by tech x load band,na,RTI,T2TI,LBTI,TIME,FTT-P,-,-,2001,-,,Y
MSCC,Short-term storage levelised cost estimate,2013$/GWh,RTI,NA,NA,TIME,FTT-P,,,2013,,,Y
MSAL,"Switch for storage cost and investment allocation (0=No, 1=G, 2=C, 3=M)",na,RTI,NA,NA,TIME,FTT-P,-,-,2001,-,,Y
MRES,Fossil reserves and REN remaining technical potentials (PJ),PJ,RTI,ERTI,NA,TIME,FTT-P,-,-,2001,-,,Y
MRED,Natural resources and REN full technical potentials (PJ),PJ,RTI,ERTI,NA,TIME,FTT-P,-,-,2001,-,,Y
MPTR,Extraction rate of resources,na,RTI,ERTI,NA,TIME,FTT-P,-,-,2010,From E3ME results,,Y
MMCD,FTT:Power standard deviation of marginal costs,$2013/MWh,RTI,T2TI,NA,TIME,FTT-P,-,-,2001,-,,Y
MLSR,FTT:Power long-term storage raw costs (2013$/GWh),2013$/GWh,RTI,NA,NA,TIME,FTT-P,,,,,,Y
MLSPX,Exogenous MLSP (from E3ME run),$2013/GWh,RTI,T2TI,NA,TIME,FTT-P,-,-,2010,From E3ME results,,Y
MLSP,FTT:Power long-term storage costs (2013$/GWh),$2013/GWh,RTI,T2TI,NA,TIME,FTT-P,-,-,2001,-,,Y
MLSMX,Exogenous MLSM (from E3ME run),$2013/GWh,RTI,T2TI,NA,TIME,FTT-P,-,-,2010,From E3ME results,,Y
MLSM,FTT:Power long-term storage marginal costs (2013$/GWh),$2013/GWh,RTI,T2TI,NA,TIME,FTT-P,-,-,2001,-,,Y
MLSI,FTT:Power long-term storage investment (2010 mEuro),meuros2010,RTI,T2TI,NA,TIME,FTT-P,-,-,2001,-,,Y
MLSG,FTT:Power long-term storage additional electricity demand (GWh/y),GWh,RTI,NA,NA,TIME,FTT-P,-,-,2001,-,,Y
MLSF,FTT:Power long-term storage load factor (-),%,RTI,NA,NA,TIME,FTT-P,-,-,2001,-,,Y
MLSE,Long-term storage round-trip efficiency,%,RTI,NA,NA,TIME,FTT-P,,,2010,,,Y
MLSC2020,FTT:Power long-term storage capacity (GW) in 2020,GW,RTI,NA,NA,TIME,FTT-P,-,-,2001,-,,Y
MLSC,FTT:Power long-term storage capacity (GW),GW,RTI,NA,NA,TIME,FTT-P,-,-,2001,-,,Y
MLLB,FTT:Power load factors (%) by tech x load band,%,RTI,T2TI,LBTI,TIME,FTT-P,-,-,2001,-,,Y
MLCC,Long-term storage levelised cost estimate,2013$/GWh,RTI,NA,NA,TIME,FTT-P,,,2012,,,Y
MLBP,FTT:Power Maximum marginal costs per load band (serves as the price),,RTI,LBTI,NA,TIME,FTT-P,,,2001,,,Y
MLB1,Normalised residual load band heights (-),%,RTI,LBTI,NA,TIME,FTT-P,,,2001,,,Y
MLB0,Cumulative residual load band heights (-),%,RTI,LBTI,NA,TIME,FTT-P,,,2001,,,Y
MKLB,Capacity by load band,GW,RTI,LBTI,NA,TIME,FTT-P,-,-,2001,-,,Y
FRET,Energy supply,ktoe,RTI,FUTI,NA,TIME,FTT-P,-,-,2010,,,Y
MJET,FTT:Power technology to fuel use conversion matrix excl CCS,na,NA,T2TI,JTI,NA,FTT-P,-,-,2001,-,,Y
MJEP,FTT:Power marginal cost of fuels,$2013/MWh,RTI,JTI,NA,TIME,FTT-P,-,-,2001,-,,Y
MJEF,FTT-P Final energy consumption (ktoe),ktoe,RTI,T2TI,NA,TIME,FTT-P,-,-,2001,-,,Y
MJCO,FTT:Power fuel use that produces emissions incl CCS,ktoe,RTI,JTI,NA,TIME,FTT-P,-,-,2001,-,,Y
MGLB,Generation by load band,GWh,RTI,LBTI,NA,TIME,FTT-P,-,-,2001,-,,Y
MGAMX,Exogenous MGAM (from E3ME run),$2013/MWh,RTI,T2TI,NA,TIME,FTT-P,-,-,2010,From E3ME results,,Y
MGAM,FTT:Power Gamma values ($2013/MWh),$2013/MWh,RTI,T2TI,NA,TIME,FTT-P,-,-,2010,-,,Y
MEWW,FTT-P Cumulative global capacity (GW),GW,NA,T2TI,NA,TIME,FTT-P,-,-,2001,-,,Y
MEWT,FTT-P Upfront subsidies (%),%,RTI,T2TI,NA,TIME,FTT-P,-,2016,2001,-,,Y
MEWS,FTT:Power shares of capacity by tech,na,RTI,T2TI,NA,TIME,FTT-P,-,-,2001,-,,Y
MEWR,FTT-P regulations on capacity,GW,RTI,T2TI,NA,TIME,FTT-P,-,2016,2001,-,,Y
MEWP,FTT:Power marginal costs of fuels ($2013/GJ),$2013/GJ,RTI,JTI,NA,TIME,FTT-P,-,-,2001,-,,Y
MEWLX,Exogenous MEWL (from E3ME run),%,RTI,T2TI,NA,TIME,FTT-P,-,-,2010,From E3ME results,,Y
MEWL,FTT:Power load factors (%),%,RTI,T2TI,NA,TIME,FTT-P,-,-,2001,-,,Y
MEWKX,Exogenous MEWK (from E3ME run),GW,RTI,T2TI,NA,TIME,FTT-P,-,-,2010,From E3ME results,,Y
MEWK,FTT-P Capacity by technology (GW),GW,RTI,T2TI,NA,TIME,FTT-P,-,-,2010,-,Y,Y
MEWI,FTT-P Installed capacity additions (GW),GW,RTI,T2TI,NA,TIME,FTT-P,-,2016,2001,-,,Y
MEWGX,Exogenous MEWG (from E3ME run),GWh,RTI,T2TI,NA,TIME,FTT-P,-,-,2010,From E3ME results,,Y
MEWG,FTT-P Generation by technology (GWh),GWh,RTI,T2TI,NA,TIME,FTT-P,-,2021,2001,-,Y,Y
MEWE,FTT:Power CO2 emissions,MtCO2/y,RTI,T2TI,NA,TIME,FTT-P,-,-,2001,-,,Y
MEWDX,Exogenous demand for energy resources,PJ,RTI,JTI,NA,TIME,FTT-P,-,-,2010,From E3ME results,,Y
MEWD,FTT:Power demand for fuels (PJ),PJ,RTI,JTI,NA,TIME,FTT-P,-,-,2010,-,,Y
MWDL,FTT:Power lagged demand,PJ,RTI,JTI,NA,TIME,FTT-P,,,2010,-,,Y
FR08,Exogenous electricity demand,ktoe,RTI,FUTI,NA,TIME,General,-,-,2003,From E3ME results,,Y
MEWC,"LCOE bare, no policies, no carbon cost (2013$/MWh)",$2013/MWh,RTI,T2TI,NA,TIME,FTT-P,-,-,2001,-,,Y
MEWB,Spillover learning matrix,%,NA,T2TI,T2TI,NA,FTT-P,-,-,2001,-,,Y
MEWA,Substitution matrix,rate,RTI,T2TI,T2TI,NA,FTT-P,-,-,2001,-,,Y
PMF,Prices of import groups (2010=1),$,NA,MTI,NA,TIME,General,-,-,2010,From E3ME results,,Y
RERY,Primary energy supply before trade,PJ,RTI,ERTI,NA,TIME,General,-,-,2010,From E3ME results,,Y
DPAR,Forecast of population groups,th person,RTI,DPTI,NA,TIME,General,-,-,2010,From E3ME results,,Y
METCX,Exogenous METC (from E3ME run),$2013/MWh,RTI,T2TI,NA,TIME,FTT-P,-,-,2010,From E3ME results,,Y
METC,"LCOE (as seen by investors) incl carbon price, subsidies, FiT (2013$/MWh)",$2013/MWh,RTI,T2TI,NA,TIME,FTT-P,-,-,2001,-,,Y
MLCO,Levelised costs of operation,$2013/MWh,RTI,T2TI,NA,TIME,FTT-P,-,-,2001,-,,Y
MESC,FTT:Power cost of early scrapping power equipment,meuros2010,RTI,T2TI,NA,TIME,FTT-P,-,-,2001,-,,Y
MES2,FTT:Power market share limitation 2,na,RTI,T2TI,NA,TIME,FTT-P,-,-,2001,-,,Y
MES1,FTT:Power market share limitation 1,na,RTI,T2TI,NA,TIME,FTT-P,-,-,2001,-,,Y
MERCX,Exogenous MERC (from E3ME run),2013$/GJ or 2013$/MWh,RTI,ERTI,NA,TIME,FTT-P,-,-,2010,From E3ME results,,Y
MERC,FTT Resource prices or costs (2013$/GJ or 2013$/MWh),2013$/GJ or 2013$/MWh,RTI,ERTI,NA,TIME,FTT-P,-,-,2001,-,,Y
MEPD,FTT:Power total primary energy demand by resource type (PJ),PJ,RTI,ERTI,NA,TIME,FTT-P,-,-,2001,-,,Y
MELO,"Electricity demand residual (due to imports, losses, ets.)",GWh,RTI,NA,NA,TIME,FTT-P,-,-,2001,-,,Y
MELF,FTT:Power lifetime of power equipment,y,RTI,T2TI,NA,TIME,FTT-P,-,-,2001,-,,Y
MEKA,FTT:Power age-tracking matrix of existing capacity,GW,RTI,T2TI,TYTI,TIME,FTT-P,-,-,2001,-,,Y
MEFI,FTT:Power feed-in-tariffs,$2013/MWh,RTI,T2TI,NA,TIME,FTT-P,-,-,2001,-,,Y
MECW,"LCOE bare, no policies, with carbon cost (2013$/MWh)",$2013/MWh,RTI,T2TI,NA,TIME,FTT-P,-,-,2001,-,,Y
MECS,LCOE incl. carbon price incl subsidies no FiT (2013$/MWh),$2013/MWh,RTI,T2TI,NA,TIME,FTT-P,-,-,2001,-,,Y
MECD,MEWC standard deviation,$2013/MWh,RTI,T2TI,NA,TIME,FTT-P,-,-,2001,-,,Y
MECC,LCOE (for price) no carbon price incl subsidies incl CF (2013$/MWh),$2013/MWh,RTI,T2TI,NA,TIME,FTT-P,-,-,2001,-,,Y
MEC6,TLCOE load band 6,$2013/MWh,RTI,T2TI,NA,TIME,FTT-P,-,-,2001,-,,Y
MEC5,TLCOE load band 5,$2013/MWh,RTI,T2TI,NA,TIME,FTT-P,-,-,2001,-,,Y
MEC4,TLCOE load band 4,$2013/MWh,RTI,T2TI,NA,TIME,FTT-P,-,-,2001,-,,Y
MEC3,TLCOE load band 3,$2013/MWh,RTI,T2TI,NA,TIME,FTT-P,-,-,2001,-,,Y
MEC2,TLCOE load band 2,$2013/MWh,RTI,T2TI,NA,TIME,FTT-P,-,-,2001,-,,Y
MEC1,TLCOE load band 1,$2013/MWh,RTI,T2TI,NA,TIME,FTT-P,-,-,2001,-,,Y
MCTN,FTT:Power Net curtailment rate by technology (-),%,RTI,T2TI,NA,TIME,FTT-P,,,2001,,,Y
HJET,FTT-Heat Tech to fuel conversion matrix,,NA,HTTI,JTI,NA,FTT-H,,,,,,
HJFC,FTT-Heat Fraction of energy use for heating in households,,RTI,JTI,NA,NA,FTT-H,,,,,,
HEWA,FTT-Heat Substitution matrix,,NA,HTTI,HTTI,NA,FTT-H,,,,,,
HEWB,FTT-Heat Technology spill-over matrix,,NA,HTTI,HTTI,NA,FTT-H,,,,,,
HEWW,FTT-Heat Global cumulative investment,GW,NA,HTTI,NA,TIME,FTT-H,,2014,2014,,,
HFIN,FTT-Heat Interest rates,%,RTI,HTTI,NA,TIME,FTT-H,,,2001,,,
HFFC,FTT-Heat Fuel price rates,%,RTI,JTI,NA,TIME,FTT-H,,,2001,,,
HEWF,FTT-Heat Final energy demand for heat generation,GWh/y,RTI,HTTI,NA,TIME,FTT-H,,2020,1990,,Y,Y
RHUD,FTT-Heat Useful energy demand,GWh/y,RTI,NA,NA,TIME,FTT-H,,,2001,,,
HTVS,FTT-Heat Subsidy on investment cost,%,RTI,HTTI,NA,TIME,FTT-H,,,2001,,,
HTRT,FTT-Heat Subsidy/tax on fuel use,%,RTI,HTTI,NA,TIME,FTT-H,,,2001,,,
HREG,FTT-Heat Regulations on heating technologies,,RTI,HTTI,NA,TIME,FTT-H,,,2001,,,
HWSA,FTT-Heat Exogenous market share changes,%,RTI,HTTI,NA,TIME,FTT-H,,,2001,,,
HEFI,FTT-Heat Feed-in-tariff,%,RTI,HTTI,NA,TIME,FTT-H,,,2001,,,
HETR,FTT-Heat Turn-over rate,%,RTI,HTTI,NA,TIME,FTT-H,,,2001,,,
BHTC,FTT-Heat Cost matrix,,RTI,HTTI,C4TI,NA,FTT-H,,,2014,,,
HEWG,FTT-Heat Useful heat by boiler,GWh,RTI,HTTI,NA,TIME,FTT-H,,,2014,,Y,Y
HEWE,FTT-Heat Emissions,Mt,RTI,HTTI,NA,TIME,FTT-H,,,2014,,Y,Y
HJHF,FTT-Heat Fuel use for heating,GWh,RTI,JTI,NA,TIME,FTT-H,,,2014,,Y,Y
HEWP,FTT-Heat Price rates by boiler,,RTI,HTTI,NA,TIME,FTT-H,,,2010,,,
HEWK,FTT-Heat Capacity,GW,RTI,HTTI,NA,TIME,FTT-H,,,,,Y,Y
HEWI,FTT-Heat Capacity Additions,GW,RTI,HTTI,NA,TIME,FTT-H,,,2014,,Y,Y
HEWC,FTT-Heat LCOH no policies,Eur/kWhUD,RTI,HTTI,NA,TIME,FTT-H,,,2014,,Y,Y
HETC,FTT-Heat LCOH all policies,Eur/kWhUD,RTI,HTTI,NA,TIME,FTT-H,,,2014,,Y,Y
HGC1,FTT-Heat LCOH w policies & Gamma,Eur/kWhUD,RTI,HTTI,NA,TIME,FTT-H,,,2014,,,
HWCD,FTT-Heat LCOH no policies,Eur/kWhUD,RTI,HTTI,NA,TIME,FTT-H,,,2014,,,
HGC2,"FTT-Heat Marginal cost w policies, Gamma, for endo scrapping",Eur/kWhUD,RTI,HTTI,NA,TIME,FTT-H,,,2014,,,
HGD2,"FTT-Heat SD Marginal cost w policies, Gamma, for endo scrapping",Eur/kWhUD,RTI,HTTI,NA,TIME,FTT-H,,,2014,,,
HGC3,"FTT-Heat Payback cost w policies, Gamma, for endogenous scrapping",Eur/kWhUD,RTI,HTTI,NA,TIME,FTT-H,,,2014,,,
HGD3,"FTT-Heat SD Payback cost w policies, Gamma, for endo scrapping",Eur/kWhUD,RTI,HTTI,NA,TIME,FTT-H,,,2014,,,
HGAM,FTT-Heat Gamma values,,RTI,HTTI,NA,TIME,FTT-H,,,2014,,,
HEWS,FTT-Heat Market Shares,,RTI,HTTI,NA,TIME,FTT-H,,2014,2014,,Y,Y
HJEF,FTT-Heat Residential fuel use,ktoe,RTI,JTI,NA,TIME,FTT-H,,,2014,,,
HWIC,FTT-H Technology investment costs,Eur/kW,RTI,HTTI,NA,TIME,FTT-H,,,2014,,,Y
HEFF,FTT-H Technology efficiency,,RTI,HTTI,NA,TIME,FTT-H,,,2014,,,Y
FU14A,Fuel demand for heating in 2014,GWh,RTI,JTI,NA,NA,FTT-H,-,-,,-,,Y
FU14B,Fuel demand for heating in 2014,ktoe,RTI,JTI,NA,NA,FTT-H,-,-,,-,,Y
TWSA,FTT-Transport Exogenous vehicle sales (must sum to zero),th-veh,RTI,VTTI,NA,TIME,FTT-Tr,,,2001,,,
TWIY,FTT-Transport Investment in private vehicles,2000$M (Correct year?),RTI,VTTI,NA,TIME,FTT-Tr,,,2017,,,
TVFP,FTT-Transport,$2012/vkm (?),RTI,VTTI,NA,TIME,FTT-Tr,,,2017,,,
TTVT,FTT-Transport Vehicle tax,th $/veh,RTI,VTTI,NA,TIME,FTT-Tr,,,2001,,,
TTRT,FTT-Transport Road tax,$/y,RTI,VTTI,NA,TIME,FTT-Tr,,,2001,,,
TREG,FTT-Transport Regulations,share of technology,RTI,VTTI,NA,TIME,FTT-Tr,,,2001,,,
TLCD,FTT-Transport log(levelised costs) variation,$/pkm,RTI,VTTI,NA,TIME,FTT-Tr,,,2017,,,
TJET,FTT-Transport Fuel converter,,NA,VTTI,JTI,NA,FTT-Tr,,,,,,
TJEF,FTT-Transport fuel use,ktoe,RTI,JTI,NA,TIME,FTT-Tr,,,2017,,Y,Y
TGAM,FTT-Transport Gamma Values,,RTI,VTTI,NA,TIME,FTT-Tr,,,2014,,,
TEWW,FTT-Transport cumulative sales,th-veh,NA,VTTI,NA,TIME,FTT-Tr,,,2012,,Y,Y
TEWS,FTT-Transport Market shares,,RTI,VTTI,NA,TIME,FTT-Tr,,2019,1990,,Y,Y
TEWK,FTT-Transport fleet size,th-veh,RTI,VTTI,NA,TIME,FTT-Tr,,,2017,,Y,Y
TEWI,FTT-Transport sales,th-veh,RTI,VTTI,NA,TIME,FTT-Tr,,,2017,,Y,Y
TEWG,FTT-Transport demand by technology,mln km/y,RTI,VTTI,NA,TIME,FTT-Tr,,,2017,,Y,Y
TEWE,FTT-Transport emissions,Mt,RTI,VTTI,NA,TIME,FTT-Tr,,,2017,,Y,Y
TEWC,FTT-Transport levelised costs (no taxes),$/pkm,RTI,VTTI,NA,TIME,FTT-Tr,,,2017,,Y,Y
TEWB,FTT-Transport Technology spill-over matrix,,NA,VTTI,VTTI,NA,FTT-Tr,,,,,,
TEWA,FTT-Transport Technology substitution matrix,,NA,VTTI,VTTI,NA,FTT-Tr,,,,,,
PFRG,Price of gas (euros/toe) [E3ME],euros/toe,RTI,FUTI,NA,TIME,General,-,2016,2010,From E3ME results,,Y
TETH,FTT-Transport Efficiency ,,RTI,VYTI,NA,NA,FTT-Tr,,,,,,
TETC,FTT-Transport levelised costs with taxes,$/pkm,RTI,VTTI,NA,TIME,FTT-Tr,,,2017,,,Y
TESH,FTT-Transport Vehicle sales,th-veh,RTI,VYTI,NA,NA,FTT-Tr,,,,,Y,Y
TESF,FTT-Transport Survival function,th-veh,RTI,VYTI,NA,NA,FTT-Tr,,,,,,
TELC,"FTT-Transport Generalised cost of transport, with tax + non-pecuniary, lognormal space",,RTI,VTTI,NA,TIME,FTT-Tr,,,2017,,,
TEGC,FTT-Transport Levelised cost of transport with tax + non-pecuniary,$/pkm,RTI,VTTI,NA,TIME,FTT-Tr,,,2017,,,
TEFF,FTT-Transport ,,RTI,VTTI,NA,TIME,FTT-Tr,,,2017,,,
TECD,FTT-Transport Levelised cost of transport variations ,$/pkm,RTI,VTTI,NA,TIME,FTT-Tr,,,2017,,,
TE3P,FTT-Tr Fuel Prices ,2013 $/toe,RTI,JTI,NA,TIME,FTT-Tr,,2016,2010,,,
TEVC,FTT-Tr starting EV cost (no battery),USD/veh,RTI,VTTI,NA,TIME,FTT-Tr,,,2001,,,
TWWB,FTT-Tr starting cumulative battery capacity,MWh,NA,VTTI,NA,TIME,FTT-Tr,,,2012,,,
TEBC,FTT-Tr battery cost,USD/kWh,RTI,VTTI,NA,TIME,FTT-Tr,,,2012,,,Y
TWIC,FTT-Tr Vehicle purchase price,USD/veh,RTI,VTTI,NA,TIME,FTT-Tr,,,2012,,,Y
TWFC,FTT-Tr Fuel cost component,$/pkm,RTI,VTTI,NA,TIME,FTT-Tr,,,2012,,,Y
RVKM,FTT-Transport Passenger road driving demand,km/y/veh,RTI,NA,NA,TIME,FTT-Tr,,,2001,,,
RTFT,FTT-Transport Fuel tax,cents/litre,RTI,NA,NA,TIME,FTT-Tr,,,2001,,,
RTCO,FTT-Transport Registration tax,$/gCO2/km,RTI,NA,NA,TIME,FTT-Tr,,,2001,,,
RLTA,FTT-Transport age-tracking matrix,th-veh,RTI,VTTI,VYTI,TIME,FTT-Tr,,,2017,,,
RHSM,FTT-Transport Hydrogen blending mandate,share H2 in freight,RTI,NA,NA,TIME,FTT-Tr,,,2001,,,
RFLT,FTT-Transport Fleet stocks in use (from survival),th-veh,RTI,NA,NA,TIME,FTT-Tr,,,2001,,,
REVS,FTT-Transport vehicle scrappage,th-veh/y,RTI,VTTI,NA,TIME,FTT-Tr,,,2017,,,
RBFM,FTT-Transport Biofuel blending mandate,%,RTI,NA,NA,TIME,FTT-Tr,,,2001,,,
BTTC,FTT-Transport Cost matrix,,RTI,VTTI,C3TI,NA,FTT-Tr,,,2014,,,
BTCI,FTT-Transport  initial cost matrix,,RTI,VTTI,C3TI,NA,FTT-Tr,,,2014,,,
TDA1,FTT-Tr last year of shares data,,RTI,NA,NA,NA,FTT-Tr,,,,,,
TDA2,FTT-Tr last year of cost data,,RTI,NA,NA,NA,FTT-Tr,,,,,,
IUD1,FTT-IH-CHI useful energy demand (GWh),GWh,RTI,ITTI,NA,TIME,FTT-IH-CHI,1970,2015,1970,,Y,Y
ISC1,FTT-IH-CHI market share caps,%,RTI,ITTI,NA,TIME,FTT-IH-CHI,-,-,2015,-,Y,Y
IWW1,FTT-IH-CHI cumulative capacities (EU28),GW,NA,ITTI,NA,TIME,FTT-IH-CHI,-,-,2015,,Y,Y
IWI1,FTT-IH-CHI yearly capacity additions,GW,RTI,ITTI,NA,TIME,FTT-IH-CHI,1971,2015,1971,,Y,Y
IWK1,FTT-IH-CHI yearly capacity ,GW,RTI,ITTI,NA,TIME,FTT-IH-CHI,1970,2015,1970,,Y,Y
IWA1,FTT-IH-CHI substitution matrix,rate,NA,ITTI,ITTI,NA,FTT-IH-CHI,-,-,,,Y,Y
BIC1,FTT-IH-CHI cost matrix,various,RTI,ITTI,CTTI,NA,FTT-IH-CHI,-,-,,,Y,Y
IWS1,FTT-IH-CHI market shares,%,RTI,ITTI,NA,TIME,FTT-IH-CHI,2000,2015,2000,,Y,Y
IWB1,FTT-IH-CHI learning spillover matrix,%,NA,ITTI,ITTI,NA,FTT-IH-CHI,-,-,,,Y,Y
IFD1,FTT-IH-CHI final energy demand,GWh,RTI,ITTI,NA,TIME,FTT-IH-CHI,-,-,2000,,Y,Y
ILC1,FTT-IH-CHI The real bare LC without taxes,Meuros/MWh,RTI,ITTI,NA,TIME,FTT-IH-CHI,-,-,2000,,Y,Y
ILG1,FTT-IH-CHI LC as seen by consumer,Meuros/MWh,RTI,ITTI,NA,TIME,FTT-IH-CHI,-,-,2000,,Y,Y
ILD1,FTT-IH-CHI LC standard deviation,Meuros/MWh,RTI,ITTI,NA,TIME,FTT-IH-CHI,-,-,2000,,Y,Y
IWE1,FTT-IH-CHI Emissions,kt of CO2,RTI,ITTI,NA,TIME,FTT-IH-CHI,,,2000,,,
IHW1,FTT-IH-CHI Global average emissions per UED (kt of CO2/GWh),kt of CO2/GWh,NA,ITTI,NA,TIME,FTT-IH-CHI,,,2000,,,
IAM1,FTT-IH-CHI gamma values,,RTI,ITTI,NA,TIME,FTT-IH-CHI,,,2000,,Y,Y
IRG1,FTT-IH-CHI regulations (based on capacity),GW,RTI,ITTI,NA,TIME,FTT-IH-CHI,,,2000,,,
ISB1,FTT-IH-CHI subsidies (percentage of investment cost),%,RTI,ITTI,NA,TIME,FTT-IH-CHI,,,2000,,,
IXS1,FTT-IH-CHI exogenous share changes,%,RTI,ITTI,NA,TIME,FTT-IH-CHI,,,2000,,,
IUD2,FTT-IH-FBT useful energy demand (GWh),GWh,RTI,ITTI,NA,TIME,FTT-IH-FBT,1970,2015,1970,,Y,Y
ISC2,FTT-IH-FBT market share caps,%,RTI,ITTI,NA,TIME,FTT-IH-FBT,-,-,2015,-,Y,Y
IWW2,FTT-IH-FBT cumulative capacities (EU28),GW,NA,ITTI,NA,TIME,FTT-IH-FBT,-,-,2015,,Y,Y
IWI2,FTT-IH-FBT yearly capacity additions,GW,RTI,ITTI,NA,TIME,FTT-IH-FBT,1971,2015,1971,,Y,Y
IWK2,FTT-IH-FBT yearly capacity ,GW,RTI,ITTI,NA,TIME,FTT-IH-FBT,1970,2015,1970,,Y,Y
IWA2,FTT-IH-FBT substitution matrix,rate,NA,ITTI,ITTI,NA,FTT-IH-FBT,-,-,,,Y,Y
BIC2,FTT-IH-FBT cost matrix,various,RTI,ITTI,CTTI,NA,FTT-IH-FBT,-,-,,,Y,Y
IWS2,FTT-IH-FBT market shares,%,RTI,ITTI,NA,TIME,FTT-IH-FBT,2000,2015,2000,,Y,Y
IWB2,FTT-IH-FBT learning spillover matrix,%,NA,ITTI,ITTI,NA,FTT-IH-FBT,-,-,,,Y,Y
IFD2,FTT-IH-FBT final energy demand,GWh,RTI,ITTI,NA,TIME,FTT-IH-FBT,-,-,2000,,Y,Y
ILC2,FTT-IH-FBT The real bare LC without taxes,Meuros/MWh,RTI,ITTI,NA,TIME,FTT-IH-FBT,-,-,2000,,Y,Y
ILG2,FTT-IH-FBT LC as seen by consumer,Meuros/MWh,RTI,ITTI,NA,TIME,FTT-IH-FBT,-,-,2000,,Y,Y
ILD2,FTT-IH-FBT LC standard deviation,Meuros/MWh,RTI,ITTI,NA,TIME,FTT-IH-FBT,-,-,2000,,Y,Y
IWE2,FTT-IH-FBT Emissions,kt of CO2,RTI,ITTI,NA,TIME,FTT-IH-FBT,2000,2015,2000,,,
IHW2,FTT-IH-FBT Global average emissions per UED (kt of CO2/GWh),kt of CO2/GWh,NA,ITTI,NA,TIME,FTT-IH-FBT,2000,2015,2000,,,
IAM2,FTT-IH-FBT gamma values,,RTI,ITTI,NA,TIME,FTT-IH-FBT,-,-,2000,,Y,Y
IRG2,FTT-IH-FBT regulations (based on capacity),GW,RTI,ITTI,NA,TIME,FTT-IH-FBT,,,2000,,,
ISB2,FTT-IH-FBT subsidies (percentage of investment cost),%,RTI,ITTI,NA,TIME,FTT-IH-FBT,,,2000,,,
IXS2,FTT-IH-FBT exogenous share changes,%,RTI,ITTI,NA,TIME,FTT-IH-FBT,,,2000,,,
IUD3,FTT-IH-MTM useful energy demand (GWh),GWh,RTI,ITTI,NA,TIME,FTT-IH-MTM,1970,2015,1970,,Y,Y
ISC3,FTT-IH-MTM market share caps,%,RTI,ITTI,NA,TIME,FTT-IH-MTM,-,-,2015,-,Y,Y
IWW3,FTT-IH-MTM cumulative capacities (EU28),GW,NA,ITTI,NA,TIME,FTT-IH-MTM,-,-,2015,,Y,Y
IWI3,FTT-IH-MTM yearly capacity additions,GW,RTI,ITTI,NA,TIME,FTT-IH-MTM,1971,2015,1971,,Y,Y
IWK3,FTT-IH-MTM yearly capacity ,GW,RTI,ITTI,NA,TIME,FTT-IH-MTM,1970,2015,1970,,Y,Y
IWA3,FTT-IH-MTM substitution matrix,rate,NA,ITTI,ITTI,NA,FTT-IH-MTM,-,-,,,Y,Y
BIC3,FTT-IH-MTM cost matrix,various,RTI,ITTI,CTTI,NA,FTT-IH-MTM,-,-,,,Y,Y
IWS3,FTT-IH-MTM market shares,%,RTI,ITTI,NA,TIME,FTT-IH-MTM,2000,2015,2000,,Y,Y
IWB3,FTT-IH-MTM learning spillover matrix,%,NA,ITTI,ITTI,NA,FTT-IH-MTM,-,-,,,Y,Y
IFD3,FTT-IH-MTM final energy demand,GWh,RTI,ITTI,NA,TIME,FTT-IH-MTM,-,-,2000,,Y,Y
ILC3,FTT-IH-MTM The real bare LC without taxes,Meuros/MWh,RTI,ITTI,NA,TIME,FTT-IH-MTM,-,-,2000,,Y,Y
ILG3,FTT-IH-MTM LC as seen by consumer,Meuros/MWh,RTI,ITTI,NA,TIME,FTT-IH-MTM,-,-,2000,,Y,Y
ILD3,FTT-IH-MTM LC standard deviation,Meuros/MWh,RTI,ITTI,NA,TIME,FTT-IH-MTM,-,-,2000,,Y,Y
IWE3,FTT-IH-MTM Emissions,kt of CO2,RTI,ITTI,NA,TIME,FTT-IH-MTM,2000,2015,2000,,,
IHW3,FTT-IH-MTM Global average emissions per UED (kt of CO2/GWh),kt of CO2/GWh,NA,ITTI,NA,TIME,FTT-IH-MTM,2000,2015,2000,,,
IAM3,FTT-IH-MTM gamma values,,RTI,ITTI,NA,TIME,FTT-IH-MTM,-,-,2000,,Y,Y
IRG3,FTT-IH-MTM regulations (based on capacity),GW,RTI,ITTI,NA,TIME,FTT-IH-MTM,,,2000,,,
ISB3,FTT-IH-MTM subsidies (percentage of investment cost),%,RTI,ITTI,NA,TIME,FTT-IH-MTM,,,2000,,,
IXS3,FTT-IH-MTM exogenous share changes,%,RTI,ITTI,NA,TIME,FTT-IH-MTM,,,2000,,,
IUD4,FTT-IH-NMM useful energy demand (GWh),GWh,RTI,ITTI,NA,TIME,FTT-IH-NMM,1970,2015,1970,,Y,Y
ISC4,FTT-IH-NMM market share caps,%,RTI,ITTI,NA,TIME,FTT-IH-NMM,-,-,2015,-,Y,Y
IWW4,FTT-IH-NMM cumulative capacities (EU28),GW,NA,ITTI,NA,TIME,FTT-IH-NMM,-,-,2015,,Y,Y
IWI4,FTT-IH-NMM yearly capacity additions,GW,RTI,ITTI,NA,TIME,FTT-IH-NMM,1971,2015,1971,,Y,Y
IWK4,FTT-IH-NMM yearly capacity ,GW,RTI,ITTI,NA,TIME,FTT-IH-NMM,1970,2015,1970,,Y,Y
IWA4,FTT-IH-NMM substitution matrix,rate,NA,ITTI,ITTI,NA,FTT-IH-NMM,-,-,,,Y,Y
BIC4,FTT-IH-NMM cost matrix,various,RTI,ITTI,CTTI,NA,FTT-IH-NMM,-,-,,,Y,Y
IWS4,FTT-IH-NMM market shares,%,RTI,ITTI,NA,TIME,FTT-IH-NMM,2000,2015,2000,,Y,Y
IWB4,FTT-IH-NMM learning spillover matrix,%,NA,ITTI,ITTI,NA,FTT-IH-NMM,-,-,,,Y,Y
IFD4,FTT-IH-NMM final energy demand,GWh,RTI,ITTI,NA,TIME,FTT-IH-NMM,-,-,2000,,Y,Y
ILC4,FTT-IH-NMM The real bare LC without taxes,Meuros/MWh,RTI,ITTI,NA,TIME,FTT-IH-NMM,-,-,2000,,Y,Y
ILG4,FTT-IH-NMM LC as seen by consumer,Meuros/MWh,RTI,ITTI,NA,TIME,FTT-IH-NMM,-,-,2000,,Y,Y
ILD4,FTT-IH-NMM LC standard deviation,Meuros/MWh,RTI,ITTI,NA,TIME,FTT-IH-NMM,-,-,2000,,Y,Y
IWE4,FTT-IH-NMM Emissions,kt of CO2,RTI,ITTI,NA,TIME,FTT-IH-NMM,2000,2015,2000,,,
IHW4,FTT-IH-NMM Global average emissions per UED (kt of CO2/GWh),kt of CO2/GWh,NA,ITTI,NA,TIME,FTT-IH-NMM,2000,2015,2000,,,
IAM4,FTT-IH-NMM gamma values,,RTI,ITTI,NA,TIME,FTT-IH-NMM,-,-,2000,,Y,Y
IRG4,FTT-IH-NMM regulations (based on capacity),GW,RTI,ITTI,NA,TIME,FTT-IH-NMM,,,2000,,,
ISB4,FTT-IH-NMM subsidies (percentage of investment cost),%,RTI,ITTI,NA,TIME,FTT-IH-NMM,,,2000,,,
IXS4,FTT-IH-NMM exogenous share changes,%,RTI,ITTI,NA,TIME,FTT-IH-NMM,,,2000,,,
IUD5,FTT-IH-OIS useful energy demand (GWh),GWh,RTI,ITTI,NA,TIME,FTT-IH-OIS2,1970,2015,1970,,Y,Y
ISC5,FTT-IH-OIS market share caps,%,RTI,ITTI,NA,TIME,FTT-IH-OIS2,-,-,2015,-,Y,Y
IWW5,FTT-IH-OIS cumulative capacities (EU28),GW,NA,ITTI,NA,TIME,FTT-IH-OIS2,-,-,2015,,Y,Y
IWI5,FTT-IH-OIS yearly capacity additions,GW,RTI,ITTI,NA,TIME,FTT-IH-OIS2,1971,2015,1971,,Y,Y
IWK5,FTT-IH-OIS yearly capacity ,GW,RTI,ITTI,NA,TIME,FTT-IH-OIS2,1970,2015,1970,,Y,Y
IWA5,FTT-IH-OIS substitution matrix,rate,NA,ITTI,ITTI,NA,FTT-IH-OIS2,-,-,,,Y,Y
BIC5,FTT-IH-OIS cost matrix,various,RTI,ITTI,CTTI,NA,FTT-IH-OIS2,-,-,,,Y,Y
IWS5,FTT-IH-OIS market shares,%,RTI,ITTI,NA,TIME,FTT-IH-OIS2,2000,2015,2000,,Y,Y
IWB5,FTT-IH-OIS learning spillover matrix,%,NA,ITTI,ITTI,NA,FTT-IH-OIS2,-,-,,,Y,Y
IFD5,FTT-IH-OIS final energy demand,GWh,RTI,ITTI,NA,TIME,FTT-IH-OIS2,-,-,2000,,Y,Y
ILC5,FTT-IH-OIS The real bare LC without taxes,Meuros/MWh,RTI,ITTI,NA,TIME,FTT-IH-OIS2,-,-,2000,,Y,Y
ILG5,FTT-IH-OIS LC as seen by consumer,Meuros/MWh,RTI,ITTI,NA,TIME,FTT-IH-OIS2,-,-,2000,,Y,Y
ILD5,FTT-IH-OIS LC standard deviation,Meuros/MWh,RTI,ITTI,NA,TIME,FTT-IH-OIS2,-,-,2000,,Y,Y
IWE5,FTT-IH-OIS Emissions,kt of CO2,RTI,ITTI,NA,TIME,FTT-IH-OIS2,2000,2015,2000,,,
IHW5,FTT-IH-OIS Global average emissions per UED (kt of CO2/GWh),kt of CO2/GWh,NA,ITTI,NA,TIME,FTT-IH-OIS2,2000,2015,2000,,,
IAM5,FTT-IH-OIS gamma values,,RTI,ITTI,NA,TIME,FTT-IH-OIS2,-,-,2000,,Y,Y
IRG5,FTT-IH-OIS regulations (based on capacity),GW,RTI,ITTI,NA,TIME,FTT-IH-OIS2,,,2000,,,
ISB5,FTT-IH-OIS subsidies (percentage of investment cost),%,RTI,ITTI,NA,TIME,FTT-IH-OIS2,,,2000,,,
IXS5,FTT-IH-OIS exogenous share changes,%,RTI,ITTI,NA,TIME,FTT-IH-OIS2,,,2000,,,
RVKZ,FTT-Fr Demand,Million Tkm,RTI,FSTI,NA,TIME,FTT-Fr,,2018,1995,,,Y
RFLZ,FTT-Fr Number in Fleet,veh,RTI,FSTI,NA,TIME,FTT-Fr,,2023,2001,,,Y
ZEWS,FTT-Fr Market Shares,%,RTI,FTTI,NA,TIME,FTT-Fr,,2023,2001,,Y,Y
ZREG,FTT-Fr regulations,,RTI,FTTI,NA,TIME,FTT-Fr,,,2018,,,Y
ZWSA,FTT-Fr Exogenous market share,%,RTI,FTTI,NA,TIME,FTT-Fr,,,2018,,,Y
ZTVT,FTT-Fr vehicle tax,$,RTI,FTTI,NA,TIME,FTT-Fr,,,2018,,,Y
ZTRT,FTT-Fr Annual road tax,$/vehicle-y,RTI,FTTI,NA,TIME,FTT-Fr,,,2018,,,Y
ZBFM,FTT-Fr Biofuel blending mandate,%,RTI,NA,NA,TIME,FTT-Fr,,,2018,,,Y
RZCO,FTT-Fr Registration carbon tax,$/(gCO2/km),RTI,NA,NA,TIME,FTT-Fr,,,2018,,,Y
BZTC,FTT-Fr Matrix of Cost Components,Various,RTI,FTTI,C6TI,NA,FTT-Fr,,,,,,
ZEWA,FTT-Fr Substitution matrix,,NA,FTTI,FTTI,NA,FTT-Fr,,,,,,
ZEWB,FTT-Fr Spillover matrix,,NA,FTTI,FTTI,NA,FTT-Fr,,,,,,
ZESF,FTT-Fr Survival function,,RTI,NA,NA,TIME,FTT-Fr,,2019,1990,,,
ZLOD,FTT-Fr Load Factors,t/v,RTI,LODZ,NA,NA,FTT-Fr,,,,,,
ZSLR,FTT-Fr Small large ratio,ratio,RTI,NA,NA,NA,FTT-Fr,,,,,,
ZJTT,FTT-Fr Tech Change Function,,RTI,NA,NA,TIME,FTT-Fr,,2019,1990,,,
ZJET,FTT-Fr Technology to fuel user conversion matrix,,NA,FTTI,JTI,NA,FTT-Fr,,,,,,
ZCEZ,FTT-Fr T-Scaling,,RTI,NA,NA,TIME,FTT-Fr,,,2019,,,
ZTLC,FTT-Fr LCOF without policy,$/tkm,RTI,FTTI,NA,TIME,FTT-Fr,,,2001,,,Y
ZTLD,FTT-Fr LCOF sd,$/tkm,RTI,FTTI,NA,TIME,FTT-Fr,,,2001,,,
ZTTC,FTT-Fr LCOF with policy,$/tkm,RTI,FTTI,NA,TIME,FTT-Fr,,,2001,,,Y
ZTTD,FTT-Fr LCOF with policy sd,$/tkm,RTI,FTTI,NA,TIME,FTT-Fr,,,2001,,,
ZTLL,FTT-Fr LCOF logarithmic space with gamma,$/tkm,RTI,FTTI,NA,TIME,FTT-Fr,,,2001,,,
ZTDD,FTT-Fr log space with gamma sd,$/tkm,RTI,FTTI,NA,TIME,FTT-Fr,,,2001,,,
ZEGC,FTT-Fr LCOF with policy and gamma,$/tkm,RTI,FTTI,NA,TIME,FTT-Fr,,,2001,,Y,Y
ZEWK,FTT-Fr Capacity by technology (number of vehicles),No. vehicles,RTI,FTTI,NA,TIME,FTT-Fr,,,2001,,Y,Y
ZEWI,FTT-Fr New sales,No. vehicles,RTI,FTTI,NA,TIME,FTT-Fr,,,2001,,Y,Y
ZEVV,FTT-Fr Service by Technology,Mvkm,RTI,FTTI,NA,TIME,FTT-Fr,,,2001,,,
ZESG,FTT-Fr Total Service (Mvkm),Mvkm,RTI,FSTI,NA,TIME,FTT-Fr,,,2001,,,
ZEST,FTT-Fr Service by Technology (MTkm),MTkm,RTI,FTTI,NA,TIME,FTT-Fr,,,2001,,,
ZJEF,FTT-Fr Fuel use,ktoe,RTI,NA,NA,TIME,FTT-Fr,,,2001,,,Y
ZJNJ,FTT-Fr Fuel use by fuel type,ktoe,RTI,JTI,NA,TIME,FTT-Fr,,,2001,,,
ZEWE,FTT-Fr Emissions,MTCO2,RTI,FTTI,NA,TIME,FTT-Fr,,,2001,,,Y
ZEWW,FTT-Fr Cumulative Capacities,No. vehicles,NA,FTTI,NA,TIME,FTT-Fr,,2018,2018,,,Y
ZWIY,FTT-Fr Investment by Technology (monetary value),$,RTI,FTTI,NA,TIME,FTT-Fr,,,2001,,,Y
ZGAM,FTT-Fr Gamma values,$/tkm,RTI,FTTI,NA,TIME,FTT-Fr,,,2014,,,
noit,Number of iterations per year,,NA,NA,NA,NA,General,,,2000,,,
IHF1,FTT-IH-CHI final fuel demand for industrial heat (ktoe),ktoe,RTI,JTI,NA,TIME,FTT-IH-CHI,,,2000,,,
IHF2,FTT-IH-FBT final fuel demand for industrial heat (ktoe),ktoe,RTI,JTI,NA,TIME,FTT-IH-FBT,,,2000,,,
IHF3,FTT-IH-MTM final fuel demand for industrial heat (ktoe),ktoe,RTI,JTI,NA,TIME,FTT-IH-MTM,,,2000,,,
IHF4,FTT-IH-NMM final fuel demand for industrial heat (ktoe),ktoe,RTI,JTI,NA,TIME,FTT-IH-NMM,,,2000,,,
IHF5,FTT-IH-OIS final fuel demand for industrial heat (ktoe),ktoe,RTI,JTI,NA,TIME,FTT-IH-OIS2,,,2000,,,
IJT1,FTT-IH-CHI Tech to fuel conversion matrix (fuel x technology),,NA,JTI,ITTI,NA,FTT-IH-CHI,,,,,,
IJT2,FTT-IH-FBT Tech to fuel conversion matrix (fuel x technology),,NA,JTI,ITTI,NA,FTT-IH-FBT,,,,,,
IJT3,FTT-IH-MTM Tech to fuel conversion matrix (fuel x technology),,NA,JTI,ITTI,NA,FTT-IH-MTM,,,,,,
IJT4,FTT-IH-NMM Tech to fuel conversion matrix (fuel x technology),,NA,JTI,ITTI,NA,FTT-IH-NMM,,,,,,
IJT5,FTT-IH-OIS Tech to fuel conversion matrix (fuel x technology),,NA,JTI,ITTI,NA,FTT-IH-OIS2,,,,,,
HWIY,FTT-H Investment by technology,2014 mEuros,RTI,HTTI,NA,TIME,FTT-H,,,2014,,,
PRSC14,Price levels in 2014 (2010=100),index,RTI,NA,NA,TIME,FTT-H,-,-,2001,-,,Y
MCTG,FTT:Power Gross curtailment rate by technology (-),%,RTI,T2TI,NA,TIME,FTT-P,,,2001,,,
FU14A,Fuel demand for heating in 2014,GWh,RTI,JTI,NA,NA,FTT-H,-,-,,-,,Y
FU14B,Fuel demand for heating in 2014,ktoe,RTI,JTI,NA,NA,FTT-H,-,-,,-,,Y
MCSC,FTT:Power cost-supply curves,na,RTI,ERTI,CSCTI,NA,FTT-P,-,-,2001,-,Y,Y
MCRT,FTT:Power curtailment of VRE (% of generation),%,RTI,NA,NA,TIME,FTT-P,-,-,2001,-,Y,Y
MCRG,Curtailment,GWh,RTI,NA,NA,TIME,FTT-P,-,-,2001,-,Y,Y
MCOCX,Carbon costs by technology from E3ME,2013$/MWh,RTI,T2TI,NA,TIME,FTT-P,-,-,2010,From E3ME results,Y,Y
MCOC,FTT:Power CO2 cost component,$2013/MWh,RTI,T2TI,NA,TIME,FTT-P,-,-,2001,-,Y,Y
MCNA,FTT:Power Net curtailed electricity by technology (GWh/y),GWh,RTI,NA,NA,TIME,FTT-P,,,2001,,Y,Y
MCGA,FTT:Power Gross curtailed electricity by technology (GWh/y),GWh,RTI,NA,NA,TIME,FTT-P,,,2001,,Y,Y
MCFC,FTT:Power load factor scaling cost component,$2013/MWh,RTI,T2TI,NA,TIME,FTT-P,-,-,2001,-,Y,Y
MCCS,FTT:Power technology to fuel use conversion matrix incl CCS,na,NA,T2TI,JTI,NA,FTT-P,-,-,2001,-,Y,Y
MADG,Additional generation due storage losses and curtailment,GWh,RTI,NA,NA,TIME,FTT-P,-,-,2001,-,Y,Y
FRETX,Exogenous FRET (from E3ME run),ktoe,RTI,FUTI,NA,TIME,General,-,-,2010,From E3ME results,Y,Y
EXX,Exchange rate (2010=100) from E3ME,index,RTI,NA,NA,TIME,FTT-P,-,-,2010,From E3ME results,Y,Y
EX13,Exchange rate in 2013 (2010=100),index,RTI,NA,NA,TIME,FTT-P,-,-,2001,-,,Y
BCET,FTT:Power matrix of technology costs,various,RTI,T2TI,C2TI,NA,FTT-P,-,2020,2001,-,Y,Y
IFT1,FTT-IH-CHI Fuel tax (2010 Euros/MWh) ,2010 Euros/MWh,RTI,ITTI,NA,TIME,FTT-IH-CHI,-,-,2000,-,Y,Y
IFT2,FTT-IH-FBT Fuel tax (2010 Euros/MWh),2010 Euros/MWh,RTI,ITTI,NA,TIME,FTT-IH-FBT,-,-,2000,-,Y,Y
IFT3,FTT-IH-MTM Fuel tax (2010 Euros/MWh) ,2010 Euros/MWh,RTI,ITTI,NA,TIME,FTT-IH-MTM,-,-,2000,-,Y,Y
IFT4,FTT-IH-NMM Fuel tax (2010 Euros/MWh) ,2010 Euros/MWh,RTI,ITTI,NA,TIME,FTT-IH-NMM,-,-,2000,-,Y,Y
IFT5,FTT-IH-OIS Fuel tax (2010 Euros/MWh) ,2010 Euros/MWh,RTI,ITTI,NA,TIME,FTT-IH-OIS2,-,-,2000,-,Y,Y
MEWSX,FTT:Power shares of capacity by tech,na,RTI,T2TI,NA,TIME,FTT-P,-,-,2010,From E3ME results,,Y
MWMCX,FTT:Power marginal costs,$2013/MWh,RTI,T2TI,NA,TIME,FTT-P,-,-,2010,From E3ME results,,Y
MMCDX,FTT:Power standard deviation of marginal costs,$2013/MWh,RTI,T2TI,NA,TIME,FTT-P,-,-,2010,From E3ME results,,Y
MTCDX,METC standard deviation,$2013/MWh,RTI,T2TI,NA,TIME,FTT-P,-,-,2010,From E3ME results,,Y
MCFCX,FTT:Power load factor scaling cost component,$2013/MWh,RTI,T2TI,NA,TIME,FTT-P,-,-,2010,-,Y,Y
RZFT,FTT-Fr Fuel tax,$/MJ,RTI,NA,NA,TIME,FTT-Fr,-,-,2018,-,,
MTFT,FTT:Power fuel tax,,RTI,T2TI,NA,TIME,FTT-P,-,-,2001,,,
ZWIC,FTT-Fr Vehicle purchase cost,$,RTI,FTTI,NA,TIME,FTT-Fr,-,-,2001,-,,Y
ZWFC,FTT-Fr Fuel cost,$/km,RTI,FTTI,NA,TIME,FTT-Fr,-,-,2001,-,,Y
Second-hand batteries by age,Second-hand batteries from transport and freight,GWh,RTI,battery_ages,NA,TIME,FTT-P,-,-,2010,-,Y,Y
Second-hand battery stock,Sum of second-hand batteries,GWh,RTI,NA,NA,TIME,FTT-P,-,-,2010,-,Y,Y
MPRI,FTT:Power,"Switch for electricity price calculation (1=Double weighted LCOE, 2=Merit order approach)",RTI,NA,NA,NA,FTT-P,-,-,-,-,Y,Y
SectorCouplingAssumps,Assumptions for sector coupling,,NA,SCA,NA,NA,General,-,-,-,,Y,Y
